chave,nutriente,sintomas,local_de_ocorrencia,tipo,funcao_na_planta,mobilidade_solo,mobilidade_solo_comentario,mobilidade_planta,mobilidade_planta_comentario,correcao_da_deficiencia,fontes_naturais,interacoes_com_outros_nutrientes,faixa_otima_solo,faixa_otima_folha,indicadores_no_solo_planta,faixa_de_ph_ideal_no_solo,tipo_de_solo_ideal,aplicacao_no_solo,fertirrigacao,aplicacao_foliar
boro,Boro (B),"Deformações Folhas, flores ou frutos",Folhas Jovens,Micro,Transporte de açúcares Regulação do crescimento celular Formação de células meristemáticas Desenvolvimento de flores e frutos,Alta mobilidade,Muito solúvel mas facilmente lixiviado em solos arenosos.,Baixa mobilidade,Pouco redistribuído essencial para tecidos em crescimento.,Aplicar ácido bórico ou borato,Solos de regiões vulcânicas,Interage com cálcio,3-10,18 - 60,Diagnóstico foliar,5.0 - 6.3,Solos ácidos a neutros (solos arenosos e solos ricos em matéria orgânica).,Sim,Não,Sim
boro,Boro (B),Murcha das extremidades,Folhas Jovens,Micro,Transporte de açúcares Regulação do crescimento celular Formação de células meristemáticas Desenvolvimento de flores e frutos,Alta mobilidade,Muito solúvel mas facilmente lixiviado em solos arenosos.,Baixa mobilidade,Pouco redistribuído essencial para tecidos em crescimento.,Aplicar ácido bórico ou borato,Solos de regiões vulcânicas,Interage com cálcio,3-10,18 - 60,Diagnóstico foliar,5.0 - 6.3,Solos ácidos a neutros (solos arenosos e solos ricos em matéria orgânica).,Sim,Não,Sim
boro,Boro (B),Necrose em pontos,Folhas Jovens,Micro,Transporte de açúcares Regulação do crescimento celular Formação de células meristemáticas Desenvolvimento de flores e frutos,Alta mobilidade,Muito solúvel mas facilmente lixiviado em solos arenosos.,Baixa mobilidade,Pouco redistribuído essencial para tecidos em crescimento.,Aplicar ácido bórico ou borato,Solos de regiões vulcânicas,Interage com cálcio,3-10,18 - 60,Diagnóstico foliar,5.0 - 6.3,Solos ácidos a neutros (solos arenosos e solos ricos em matéria orgânica).,Sim,Não,Sim
boro,Boro (B),Crescimento lento e reduzido,Raízes,Micro,Transporte de açúcares Regulação do crescimento celular Formação de células meristemáticas Desenvolvimento de flores e frutos,Alta mobilidade,Muito solúvel mas facilmente lixiviado em solos arenosos.,Baixa mobilidade,Pouco redistribuído essencial para tecidos em crescimento.,Aplicar ácido bórico ou borato,Solos de regiões vulcânicas,Interage com cálcio,3-10,18 - 60,Diagnóstico foliar,5.0 - 6.3,Solos ácidos a neutros (solos arenosos e solos ricos em matéria orgânica).,Sim,Não,Sim
calcio,Cálcio (Ca),Crescimento atrofiado e murchas,Folhas Jovens,Macro,Formação da parede celular Regulação do pH celular Transmissão de sinais hormonais Crescimento das raízes,Baixa mobilidade,Forma compostos insolúveis em solos ácidos e é menos disponível em solos com baixa umidade.,Baixa mobilidade,Pouco redistribuído; concentra-se em tecidos mais velhos e estruturas celulares como a parede celular,Aplicar calcário dolomítico ou gesso,Rocha calcária,Compete com potássio e magnésio,10-30,15 - 40,Análise do solo,6.0 - 7.5,Solos de pH neutro a ligeiramente alcalino (solos calcários solos arenosos com boa drenagem).,Sim,Não,Sim
calcio,Cálcio (Ca),Crescimento lento e reduzido,Raízes,Macro,Formação da parede celular Regulação do pH celular Transmissão de sinais hormonais Crescimento das raízes,Baixa mobilidade,Forma compostos insolúveis em solos ácidos e é menos disponível em solos com baixa umidade.,Baixa mobilidade,Pouco redistribuído; concentra-se em tecidos mais velhos e estruturas celulares como a parede celular,Aplicar calcário dolomítico ou gesso,Rocha calcária,Compete com potássio e magnésio,10-30,15 - 40,Análise do solo,6.0 - 7.5,Solos de pH neutro a ligeiramente alcalino (solos calcários solos arenosos com boa drenagem).,Sim,Não,Sim
calcio,Cálcio (Ca),"Deformações Folhas, flores ou frutos",Toda planta,Macro,Formação da parede celular Regulação do pH celular Transmissão de sinais hormonais Crescimento das raízes,Baixa mobilidade,Forma compostos insolúveis em solos ácidos e é menos disponível em solos com baixa umidade.,Baixa mobilidade,Pouco redistribuído; concentra-se em tecidos mais velhos e estruturas celulares como a parede celular,Aplicar calcário dolomítico ou gesso,Rocha calcária,Compete com potássio e magnésio,10-30,15 - 40,Análise do solo,6.0 - 7.5,Solos de pH neutro a ligeiramente alcalino (solos calcários solos arenosos com boa drenagem).,Sim,Não,Sim
calcio,Cálcio (Ca),Morte de meristemas apical,Toda planta,Macro,Formação da parede celular Regulação do pH celular Transmissão de sinais hormonais Crescimento das raízes,Baixa mobilidade,Forma compostos insolúveis em solos ácidos e é menos disponível em solos com baixa umidade.,Baixa mobilidade,Pouco redistribuído; concentra-se em tecidos mais velhos e estruturas celulares como a parede celular,Aplicar calcário dolomítico ou gesso,Rocha calcária,Compete com potássio e magnésio,10-30,15 - 40,Análise do solo,6.0 - 7.5,Solos de pH neutro a ligeiramente alcalino (solos calcários solos arenosos com boa drenagem).,Sim,Não,Sim
calcio,Cálcio (Ca),Necrose nas extremidades das folhas,Folhas Jovens,Macro,Formação da parede celular Regulação do pH celular Transmissão de sinais hormonais Crescimento das raízes,Baixa mobilidade,Forma compostos insolúveis em solos ácidos e é menos disponível em solos com baixa umidade.,Baixa mobilidade,Pouco redistribuído; concentra-se em tecidos mais velhos e estruturas celulares como a parede celular,Aplicar calcário dolomítico ou gesso,Rocha calcária,Compete com potássio e magnésio,10-30,15 - 40,Análise do solo,6.0 - 7.5,Solos de pH neutro a ligeiramente alcalino (solos calcários solos arenosos com boa drenagem).,Sim,Não,Sim
cloro,Cloro (Cl),Clorose,Toda planta,Micro,Fotólise da água na fotossíntese Regulação osmótica Equilíbrio iônico Participação na fotossíntese,Alta mobilidade,Muito solúvel e facilmente lixiviado,Alta mobilidade,Redistribuído rapidamente essencial para processos osmóticos.,Aplicar cloreto de potássio (KCl) ou outro fertilizante contendo cloro,Água de irrigação e sais naturais no solo,Compete com potássio e magnésio,10 - 40,100 - 1000,Diagnóstico foliar,6.0 - 7.5,Solos de pH neutro ou ligeiramente alcalino (solos arenosos e solos calcários).,Sim,Sim,Não
cloro,Cloro (Cl),Diminuição do crescimento,Toda planta,Micro,Fotólise da água na fotossíntese Regulação osmótica Equilíbrio iônico Participação na fotossíntese,Alta mobilidade,Muito solúvel e facilmente lixiviado,Alta mobilidade,Redistribuído rapidamente essencial para processos osmóticos.,Aplicar cloreto de potássio (KCl) ou outro fertilizante contendo cloro,Água de irrigação e sais naturais no solo,Compete com potássio e magnésio,10 - 40,100 - 1000,Diagnóstico foliar,6.0 - 7.5,Solos de pH neutro ou ligeiramente alcalino (solos arenosos e solos calcários).,Sim,Sim,Não
cloro,Cloro (Cl),Necrose nas folhas,Toda planta,Micro,Fotólise da água na fotossíntese Regulação osmótica Equilíbrio iônico Participação na fotossíntese,Alta mobilidade,Muito solúvel e facilmente lixiviado,Alta mobilidade,Redistribuído rapidamente essencial para processos osmóticos.,Aplicar cloreto de potássio (KCl) ou outro fertilizante contendo cloro,Água de irrigação e sais naturais no solo,Compete com potássio e magnésio,10 - 40,100 - 1000,Diagnóstico foliar,6.0 - 7.5,Solos de pH neutro ou ligeiramente alcalino (solos arenosos e solos calcários).,Sim,Sim,Não
cloro,Cloro (Cl),Necrose nas pontas das raízes,Raízes,Micro,Fotólise da água na fotossíntese Regulação osmótica Equilíbrio iônico Participação na fotossíntese,Alta mobilidade,Muito solúvel e facilmente lixiviado,Alta mobilidade,Redistribuído rapidamente essencial para processos osmóticos.,Aplicar cloreto de potássio (KCl) ou outro fertilizante contendo cloro,Água de irrigação e sais naturais no solo,Compete com potássio e magnésio,10 - 40,100 - 1000,Diagnóstico foliar,6.0 - 7.5,Solos de pH neutro ou ligeiramente alcalino (solos arenosos e solos calcários).,Sim,Sim,Não
cloro,Cloro (Cl),Redução da resistência a doenças,Toda planta,Micro,Fotólise da água na fotossíntese Regulação osmótica Equilíbrio iônico Participação na fotossíntese,Alta mobilidade,Muito solúvel e facilmente lixiviado,Alta mobilidade,Redistribuído rapidamente essencial para processos osmóticos.,Aplicar cloreto de potássio (KCl) ou outro fertilizante contendo cloro,Água de irrigação e sais naturais no solo,Compete com potássio e magnésio,10 - 40,100 - 1000,Diagnóstico foliar,6.0 - 7.5,Solos de pH neutro ou ligeiramente alcalino (solos arenosos e solos calcários).,Sim,Sim,Não
cobre,Cobre (Cu),Clorose,Toda planta,Micro,Transporte de elétrons na fotossíntese Síntese de lignina Ativação de enzimas Crescimento das raízes,Baixa mobilidade,Adsorvido em partículas de argila e matéria orgânica,Baixa mobilidade,Pouca redistribuição; deficiência surge em folhas novas.,Aplicar sulfato de cobre ou óxidos de cobre,Matéria orgânica e Minerais malaquita,Pode competir com zinco e ferro,0.1 - 1.5,5 - 20 ,Diagnóstico foliar,5.5 - 6.5,Solos ácidos a neutros (solos argilosos solos de pH ligeiramente baixo).,Sim,Não,Sim
cobre,Cobre (Cu),Distúrbios do sistema vascular,Toda planta,Micro,Transporte de elétrons na fotossíntese Síntese de lignina Ativação de enzimas Crescimento das raízes,Baixa mobilidade,Adsorvido em partículas de argila e matéria orgânica,Baixa mobilidade,Pouca redistribuição; deficiência surge em folhas novas.,Aplicar sulfato de cobre ou óxidos de cobre,Matéria orgânica e Minerais malaquita,Pode competir com zinco e ferro,0.1 - 1.5,5 - 20 ,Diagnóstico foliar,5.5 - 6.5,Solos ácidos a neutros (solos argilosos solos de pH ligeiramente baixo).,Sim,Não,Sim
cobre,Cobre (Cu),Enfraquecimento das raízes,Raízes,Micro,Transporte de elétrons na fotossíntese Síntese de lignina Ativação de enzimas Crescimento das raízes,Baixa mobilidade,Adsorvido em partículas de argila e matéria orgânica,Baixa mobilidade,Pouca redistribuição; deficiência surge em folhas novas.,Aplicar sulfato de cobre ou óxidos de cobre,Matéria orgânica e Minerais malaquita,Pode competir com zinco e ferro,0.1 - 1.5,5 - 20 ,Diagnóstico foliar,5.5 - 6.5,Solos ácidos a neutros (solos argilosos solos de pH ligeiramente baixo).,Sim,Não,Sim
cobre,Cobre (Cu),Necrose nas folhas,Toda planta,Micro,Transporte de elétrons na fotossíntese Síntese de lignina Ativação de enzimas Crescimento das raízes,Baixa mobilidade,Adsorvido em partículas de argila e matéria orgânica,Baixa mobilidade,Pouca redistribuição; deficiência surge em folhas novas.,Aplicar sulfato de cobre ou óxidos de cobre,Matéria orgânica e Minerais malaquita,Pode competir com zinco e ferro,0.1 - 1.5,5 - 20 ,Diagnóstico foliar,5.5 - 6.5,Solos ácidos a neutros (solos argilosos solos de pH ligeiramente baixo).,Sim,Não,Sim
enxofre,Enxofre (S),Clorose,Folhas Jovens,Macro,Síntese de proteínas Formação de vitaminas Regulação do crescimento celular Ativação de enzimas,Alta mobilidade,Na forma de sulfato (SO₄²⁻) é muito solúvel e pode ser lixiviado em solos arenosos.,Moderada mobilidade,Redistribuído em menor grau que nitrogênio potássio ou magnésio mas é importante para síntese de proteínas.,Aplicar sulfato de amônia ou gesso,Resíduos vegetais,Relacionado ao nitrogênio,1-2,1 - 3,Diagnóstico foliar,5.5 - 7.0,Solos de pH neutro ou ligeiramente ácido (solos ricos em matéria orgânica solos argilosos).,Sim,Sim,Sim
enxofre,Enxofre (S),Crescimento atrofiado e amarelamento das folhas,Toda planta,Macro,Síntese de proteínas Formação de vitaminas Regulação do crescimento celular Ativação de enzimas,Alta mobilidade,Na forma de sulfato (SO₄²⁻) é muito solúvel e pode ser lixiviado em solos arenosos.,Moderada mobilidade,Redistribuído em menor grau que nitrogênio potássio ou magnésio mas é importante para síntese de proteínas.,Aplicar sulfato de amônia ou gesso,Resíduos vegetais,Relacionado ao nitrogênio,1-2,1 - 3,Diagnóstico foliar,5.5 - 7.0,Solos de pH neutro ou ligeiramente ácido (solos ricos em matéria orgânica solos argilosos).,Sim,Sim,Sim
enxofre,Enxofre (S),Crescimento lento e reduzido,Toda planta,Macro,Síntese de proteínas Formação de vitaminas Regulação do crescimento celular Ativação de enzimas,Alta mobilidade,Na forma de sulfato (SO₄²⁻) é muito solúvel e pode ser lixiviado em solos arenosos.,Moderada mobilidade,Redistribuído em menor grau que nitrogênio potássio ou magnésio mas é importante para síntese de proteínas.,Aplicar sulfato de amônia ou gesso,Resíduos vegetais,Relacionado ao nitrogênio,1-2,1 - 3,Diagnóstico foliar,5.5 - 7.0,Solos de pH neutro ou ligeiramente ácido (solos ricos em matéria orgânica solos argilosos).,Sim,Sim,Sim
enxofre,Enxofre (S),Crescimento lento e reduzido,Raízes,Macro,Síntese de proteínas Formação de vitaminas Regulação do crescimento celular Ativação de enzimas,Alta mobilidade,Na forma de sulfato (SO₄²⁻) é muito solúvel e pode ser lixiviado em solos arenosos.,Moderada mobilidade,Redistribuído em menor grau que nitrogênio potássio ou magnésio mas é importante para síntese de proteínas.,Aplicar sulfato de amônia ou gesso,Resíduos vegetais,Relacionado ao nitrogênio,1-2,1 - 3,Diagnóstico foliar,5.5 - 7.0,Solos de pH neutro ou ligeiramente ácido (solos ricos em matéria orgânica solos argilosos).,Sim,Sim,Sim
ferro,Ferro (Fe),Clorose entre nervuras,Folhas Jovens,Micro,Formação de clorofila Transporte de elétrons na fotossíntese Síntese de proteínas Ativação de enzimas,Baixa mobilidade,Forma óxidos insolúveis em solos com pH neutro ou alcalino,Baixa mobilidade,Não é redistribuído; deficiência aparece primeiro nas folhas jovens.,Aplicar quelato de ferro,Solos ricos em óxidos de ferro,Compete com manganês,50-100,50 - 150,Diagnóstico foliar,5.5 - 6.5,Solos ácidos a ligeiramente ácidos (solos de pH baixo solos argilosos e solos ácidos como os de floresta).,Sim,Não,Sim
ferro,Ferro (Fe),Crescimento atrofiado e amarelamento das folhas,Toda planta,Micro,Formação de clorofila Transporte de elétrons na fotossíntese Síntese de proteínas Ativação de enzimas,Baixa mobilidade,Forma óxidos insolúveis em solos com pH neutro ou alcalino,Baixa mobilidade,Não é redistribuído; deficiência aparece primeiro nas folhas jovens.,Aplicar quelato de ferro,Solos ricos em óxidos de ferro,Compete com manganês,50-100,50 - 150,Diagnóstico foliar,5.5 - 6.5,Solos ácidos a ligeiramente ácidos (solos de pH baixo solos argilosos e solos ácidos como os de floresta).,Sim,Não,Sim
ferro,Ferro (Fe),Diminuição do crescimento,Toda planta,Micro,Formação de clorofila Transporte de elétrons na fotossíntese Síntese de proteínas Ativação de enzimas,Baixa mobilidade,Forma óxidos insolúveis em solos com pH neutro ou alcalino,Baixa mobilidade,Não é redistribuído; deficiência aparece primeiro nas folhas jovens.,Aplicar quelato de ferro,Solos ricos em óxidos de ferro,Compete com manganês,50-100,50 - 150,Diagnóstico foliar,5.5 - 6.5,Solos ácidos a ligeiramente ácidos (solos de pH baixo solos argilosos e solos ácidos como os de floresta).,Sim,Não,Sim
fosforo,Fósforo (P),Crescimento lento e reduzido,Toda planta,Macro,Crescimento radicular Transferência de energia (ATP) Síntese de ácidos nucleicos Desenvolvimento de flores e frutos,Baixa mobilidade,O fósforo reage com cálcio ferro ou alumínio formando compostos insolúveis em solos de pH extremo (ácidos ou alcalinos),Moderada mobilidade,É transportado em menor proporção que o nitrogênio e o potássio mas pode ser redistribuído internamente especialmente para áreas em crescimento ativo.,Aplicar superfosfato ou MAP,Rocha fosfática,Pode competir com zinco e ferro,2-5,1 - 3,Análise do solo,6.0 - 7.0,Solos ligeiramente ácidos a neutros (solo argiloso solo com boa capacidade de retenção de água).,Sim,Não,Não
fosforo,Fósforo (P),Crescimento lento e reduzido,Raízes,Macro,Crescimento radicular Transferência de energia (ATP) Síntese de ácidos nucleicos Desenvolvimento de flores e frutos,Baixa mobilidade,O fósforo reage com cálcio ferro ou alumínio formando compostos insolúveis em solos de pH extremo (ácidos ou alcalinos),Moderada mobilidade,É transportado em menor proporção que o nitrogênio e o potássio mas pode ser redistribuído internamente especialmente para áreas em crescimento ativo.,Aplicar superfosfato ou MAP,Rocha fosfática,Pode competir com zinco e ferro,2-5,1 - 3,Análise do solo,6.0 - 7.0,Solos ligeiramente ácidos a neutros (solo argiloso solo com boa capacidade de retenção de água).,Sim,Não,Não
fosforo,Fósforo (P),Dificuldade na floração e frutificação,Toda planta,Macro,Crescimento radicular Transferência de energia (ATP) Síntese de ácidos nucleicos Desenvolvimento de flores e frutos,Baixa mobilidade,O fósforo reage com cálcio ferro ou alumínio formando compostos insolúveis em solos de pH extremo (ácidos ou alcalinos),Moderada mobilidade,É transportado em menor proporção que o nitrogênio e o potássio mas pode ser redistribuído internamente especialmente para áreas em crescimento ativo.,Aplicar superfosfato ou MAP,Rocha fosfática,Pode competir com zinco e ferro,2-5,1 - 3,Análise do solo,6.0 - 7.0,Solos ligeiramente ácidos a neutros (solo argiloso solo com boa capacidade de retenção de água).,Sim,Não,Não
fosforo,Fósforo (P),Folhas roxas ou verde-escuro,Toda planta,Macro,Crescimento radicular Transferência de energia (ATP) Síntese de ácidos nucleicos Desenvolvimento de flores e frutos,Baixa mobilidade,O fósforo reage com cálcio ferro ou alumínio formando compostos insolúveis em solos de pH extremo (ácidos ou alcalinos),Moderada mobilidade,É transportado em menor proporção que o nitrogênio e o potássio mas pode ser redistribuído internamente especialmente para áreas em crescimento ativo.,Aplicar superfosfato ou MAP,Rocha fosfática,Pode competir com zinco e ferro,2-5,1 - 3,Análise do solo,6.0 - 7.0,Solos ligeiramente ácidos a neutros (solo argiloso solo com boa capacidade de retenção de água).,Sim,Não,Não
magnesio,Magnésio (Mg),Clorose entre nervuras,Folhas Velhas,Macro,Formação de clorofil Ativação de enzimas Transporte de fosfato Síntese de proteínas,Moderada mobilidade,Catião solúvel mas compete com outros nutrientes como o potássio e o cálcio pela absorção.,Alta mobilidade,Redistribuído para tecidos jovens e usado na síntese de clorofila e outras funções metabólicas,Aplicar calcário dolomítico,Solos ricos em rochas de dolomita,Relação direta com cálcio e potássio,3-6,2 - 6,Análise foliar,6.0 - 7.0,Solos de pH neutro a ligeiramente ácido bem drenados (solo argiloso e solo de cultivo com boa matéria orgânica).,Sim,Não,Sim
magnesio,Magnésio (Mg),Crescimento lento e reduzido,Raízes,Macro,Formação de clorofil Ativação de enzimas Transporte de fosfato Síntese de proteínas,Moderada mobilidade,Catião solúvel mas compete com outros nutrientes como o potássio e o cálcio pela absorção.,Alta mobilidade,Redistribuído para tecidos jovens e usado na síntese de clorofila e outras funções metabólicas,Aplicar calcário dolomítico,Solos ricos em rochas de dolomita,Relação direta com cálcio e potássio,3-6,2 - 6,Análise foliar,6.0 - 7.0,Solos de pH neutro a ligeiramente ácido bem drenados (solo argiloso e solo de cultivo com boa matéria orgânica).,Sim,Não,Sim
magnesio,Magnésio (Mg),Manchas amareladas ou vermelhas nas folhas,Toda planta,Macro,Formação de clorofil Ativação de enzimas Transporte de fosfato Síntese de proteínas,Moderada mobilidade,Catião solúvel mas compete com outros nutrientes como o potássio e o cálcio pela absorção.,Alta mobilidade,Redistribuído para tecidos jovens e usado na síntese de clorofila e outras funções metabólicas,Aplicar calcário dolomítico,Solos ricos em rochas de dolomita,Relação direta com cálcio e potássio,3-6,2 - 6,Análise foliar,6.0 - 7.0,Solos de pH neutro a ligeiramente ácido bem drenados (solo argiloso e solo de cultivo com boa matéria orgânica).,Sim,Não,Sim
magnesio,Magnésio (Mg),Queda prematura de folhas,Toda planta,Macro,Formação de clorofil Ativação de enzimas Transporte de fosfato Síntese de proteínas,Moderada mobilidade,Catião solúvel mas compete com outros nutrientes como o potássio e o cálcio pela absorção.,Alta mobilidade,Redistribuído para tecidos jovens e usado na síntese de clorofila e outras funções metabólicas,Aplicar calcário dolomítico,Solos ricos em rochas de dolomita,Relação direta com cálcio e potássio,3-6,2 - 6,Análise foliar,6.0 - 7.0,Solos de pH neutro a ligeiramente ácido bem drenados (solo argiloso e solo de cultivo com boa matéria orgânica).,Sim,Não,Sim
manganes,Manganês (Mn),Clorose entre nervuras,Folhas Jovens,Micro,Fotossíntese Ativação de enzimas Formação de clorofila Metabolismo de carboidratos,Moderada mobilidade,Disponível em solos ácidos; precipita em solos com pH alto.,Baixa mobilidade,Não é redistribuído; deficiência aparece nas folhas jovens,Aplicar sulfato de manganês,Solos tropicais,Compete diretamente com ferro,20-50,30 - 200,Análise foliar e do solo,5.5 - 6.5,Solos ácidos a ligeiramente ácidos (solos argilosos e solos ricos em matéria orgânica).,Sim,Não,Sim
manganes,Manganês (Mn),Crescimento atrofiado e amarelamento das folhas,Toda planta,Micro,Fotossíntese Ativação de enzimas Formação de clorofila Metabolismo de carboidratos,Moderada mobilidade,Disponível em solos ácidos; precipita em solos com pH alto.,Baixa mobilidade,Não é redistribuído; deficiência aparece nas folhas jovens,Aplicar sulfato de manganês,Solos tropicais,Compete diretamente com ferro,20-50,30 - 200,Análise foliar e do solo,5.5 - 6.5,Solos ácidos a ligeiramente ácidos (solos argilosos e solos ricos em matéria orgânica).,Sim,Não,Sim
manganes,Manganês (Mn),Manchas necróticas nas folhas,Toda planta,Micro,Fotossíntese Ativação de enzimas Formação de clorofila Metabolismo de carboidratos,Moderada mobilidade,Disponível em solos ácidos; precipita em solos com pH alto.,Baixa mobilidade,Não é redistribuído; deficiência aparece nas folhas jovens,Aplicar sulfato de manganês,Solos tropicais,Compete diretamente com ferro,20-50,30 - 200,Análise foliar e do solo,5.5 - 6.5,Solos ácidos a ligeiramente ácidos (solos argilosos e solos ricos em matéria orgânica).,Sim,Não,Sim
manganes,Manganês (Mn),Redução da produção de frutos e flores,Toda planta,Micro,Fotossíntese Ativação de enzimas Formação de clorofila Metabolismo de carboidratos,Moderada mobilidade,Disponível em solos ácidos; precipita em solos com pH alto.,Baixa mobilidade,Não é redistribuído; deficiência aparece nas folhas jovens,Aplicar sulfato de manganês,Solos tropicais,Compete diretamente com ferro,20-50,30 - 200,Análise foliar e do solo,5.5 - 6.5,Solos ácidos a ligeiramente ácidos (solos argilosos e solos ricos em matéria orgânica).,Sim,Não,Sim
molibdenio,Molibdênio (Mo),Clorose,Folhas Jovens,Micro,Redução de nitrato em nitrito Fixação de nitrogênio Metabolismo de enxofre Formação de proteínas,Moderada mobilidade,Solúvel em pH alcalino; menos disponível em solos ácidos,Moderada mobilidade,Redistribuído em menor grau mas necessário para enzimas específicas.,Usar molibdato de sódio ou molibdato de amônio,Matéria orgânica e Minerais molibdenita,Alta interação com nitrogênio,0.1 - 1.0,0.1 - 1.0,Análise do solo,6.0 - 7.5,Solos neutros a ligeiramente alcalinos (solos argilosos e calcários).,Sim,Não,Sim
molibdenio,Molibdênio (Mo),Crescimento lento e reduzido,Raízes,Micro,Redução de nitrato em nitrito Fixação de nitrogênio Metabolismo de enxofre Formação de proteínas,Moderada mobilidade,Solúvel em pH alcalino; menos disponível em solos ácidos,Moderada mobilidade,Redistribuído em menor grau mas necessário para enzimas específicas.,Usar molibdato de sódio ou molibdato de amônio,Matéria orgânica e Minerais molibdenita,Alta interação com nitrogênio,0.1 - 1.0,0.1 - 1.0,Análise do solo,6.0 - 7.5,Solos neutros a ligeiramente alcalinos (solos argilosos e calcários).,Sim,Não,Sim
molibdenio,Molibdênio (Mo),Dificuldade na floração e frutificação,Toda planta,Micro,Redução de nitrato em nitrito Fixação de nitrogênio Metabolismo de enxofre Formação de proteínas,Moderada mobilidade,Solúvel em pH alcalino; menos disponível em solos ácidos,Moderada mobilidade,Redistribuído em menor grau mas necessário para enzimas específicas.,Usar molibdato de sódio ou molibdato de amônio,Matéria orgânica e Minerais molibdenita,Alta interação com nitrogênio,0.1 - 1.0,0.1 - 1.0,Análise do solo,6.0 - 7.5,Solos neutros a ligeiramente alcalinos (solos argilosos e calcários).,Sim,Não,Sim
molibdenio,Molibdênio (Mo),Enfraquecimento da planta,Toda planta,Micro,Redução de nitrato em nitrito Fixação de nitrogênio Metabolismo de enxofre Formação de proteínas,Moderada mobilidade,Solúvel em pH alcalino; menos disponível em solos ácidos,Moderada mobilidade,Redistribuído em menor grau mas necessário para enzimas específicas.,Usar molibdato de sódio ou molibdato de amônio,Matéria orgânica e Minerais molibdenita,Alta interação com nitrogênio,0.1 - 1.0,0.1 - 1.0,Análise do solo,6.0 - 7.5,Solos neutros a ligeiramente alcalinos (solos argilosos e calcários).,Sim,Não,Sim
niquel,Níquel (Ni),Acúmulo de toxinas nas folhas e caules,Toda planta,Micro,Ativação da enzima urease Metabolismo de nitrogênio Formação de sementes Crescimento das raízes,Baixa mobilidade,Adsorvido em argila e matéria orgânica especialmente em solos ácidos.,Baixa mobilidade,Pouco redistribuído mas importante para a atividade enzimática em tecidos jovens.,Aplicar fertilizantes com níquel como sulfato de níquel,Matéria orgânica e Minerais garnierita,Compete com ferro e zinco,0.05 - 0.2,50 - 500,Análise foliar e do solo,5.5 - 6.5,Solos ligeiramente ácidos a neutros (solos ácidos com alta capacidade de troca catiônica).,Sim,Não,Sim
niquel,Níquel (Ni),"Deformações Folhas, flores ou frutos",Toda planta,Micro,Ativação da enzima urease  Metabolismo de nitrogênio Formação de sementes  Crescimento das raízes,Baixa mobilidade,Adsorvido em argila e matéria orgânica especialmente em solos ácidos.,Baixa mobilidade,Pouco redistribuído mas importante para a atividade enzimática em tecidos jovens.,Aplicar fertilizantes com níquel como sulfato de níquel,Matéria orgânica e Minerais garnierita,Compete com ferro e zinco,0.05 - 0.2,50 - 500,Análise foliar e do solo,5.5 - 6.5,Solos ligeiramente ácidos a neutros (solos ácidos com alta capacidade de troca catiônica).,Sim,Não,Sim
niquel,Níquel (Ni),Enfraquecimento das raízes,Raízes,Micro,Ativação da enzima urease Metabolismo de nitrogênio Formação de sementes Crescimento das raízes,Baixa mobilidade,Adsorvido em argila e matéria orgânica especialmente em solos ácidos.,Baixa mobilidade,Pouco redistribuído mas importante para a atividade enzimática em tecidos jovens.,Aplicar fertilizantes com níquel como sulfato de níquel,Matéria orgânica e Minerais garnierita,Compete com ferro e zinco,0.05 - 0.2,50 - 500,Análise foliar e do solo,5.5 - 6.5,Solos ligeiramente ácidos a neutros (solos ácidos com alta capacidade de troca catiônica).,Sim,Não,Sim
niquel,Níquel (Ni),Necrose nas extremidades das folhas,Toda planta,Micro,Ativação da enzima urease Metabolismo de nitrogênio Formação de sementes Crescimento das raízes,Baixa mobilidade,Adsorvido em argila e matéria orgânica especialmente em solos ácidos.,Baixa mobilidade,Pouco redistribuído mas importante para a atividade enzimática em tecidos jovens.,Aplicar fertilizantes com níquel como sulfato de níquel,Matéria orgânica e Minerais garnierita,Compete com ferro e zinco,0.05 - 0.2,50 - 500,Análise foliar e do solo,5.5 - 6.5,Solos ligeiramente ácidos a neutros (solos ácidos com alta capacidade de troca catiônica).,Sim,Não,Sim
nitrogenio,Nitrogênio (N),Clorose,Folhas Velhas,Macro,Formação de clorofila Crescimento vegetativo Produção de proteínas Desenvolvimento de flores e frutos,Nitrato - Alta mobilidade / Amônio - Baixa mobilidade,Nitrato (NO₃⁻): Muito solúvel e facilmente lixiviado / Amônio (NH₄⁺): Baixa mobilidade – Retido pelas cargas negativas do solo mas pode ser nitrificado,Alta mobilidade,Redistribuído para tecidos jovens; deficiências aparecem primeiro nas folhas mais velhas.,Aplicar ureia ou sulfato de amônia,Matéria orgânica decomposta,Alta interação com enxofre e potássio,25 - 35,25 - 40,Análise foliar e do solo,6.0 - 7.5,Solos bem drenados e ricos em matéria orgânica (como solos argilosos e solo de cultura).,Sim,Sim,Sim
nitrogenio,Nitrogênio (N),Crescimento lento e reduzido,Toda planta,Macro,Formação de clorofila Crescimento vegetativo Produção de proteínas Desenvolvimento de flores e frutos,Nitrato - Alta mobilidade / Amônio - Baixa mobilidade,Nitrato (NO₃⁻): Muito solúvel e facilmente lixiviado / Amônio (NH₄⁺): Baixa mobilidade – Retido pelas cargas negativas do solo mas pode ser nitrificado,Alta mobilidade,Redistribuído para tecidos jovens; deficiências aparecem primeiro nas folhas mais velhas.,Aplicar ureia ou sulfato de amônia,Matéria orgânica decomposta,Alta interação com enxofre e potássio,25 - 35,25 - 40,Análise foliar e do solo,6.0 - 7.5,Solos bem drenados e ricos em matéria orgânica (como solos argilosos e solo de cultura).,Sim,Sim,Sim
nitrogenio,Nitrogênio (N),Folhas menores e mais finas,Toda planta,Macro,Formação de clorofila Crescimento vegetativo Produção de proteínas Desenvolvimento de flores e frutos,Nitrato - Alta mobilidade / Amônio - Baixa mobilidade,Nitrato (NO₃⁻): Muito solúvel e facilmente lixiviado / Amônio (NH₄⁺): Baixa mobilidade – Retido pelas cargas negativas do solo mas pode ser nitrificado,Alta mobilidade,Redistribuído para tecidos jovens; deficiências aparecem primeiro nas folhas mais velhas.,Aplicar ureia ou sulfato de amônia,Matéria orgânica decomposta,Alta interação com enxofre e potássio,25 - 35,25 - 40,Análise foliar e do solo,6.0 - 7.5,Solos bem drenados e ricos em matéria orgânica (como solos argilosos e solo de cultura).,Sim,Sim,Sim
nitrogenio,Nitrogênio (N),Queda prematura de folhas,Toda planta,Macro,Formação de clorofila Crescimento vegetativo Produção de proteínas Desenvolvimento de flores e frutos,Nitrato - Alta mobilidade / Amônio - Baixa mobilidade,Nitrato (NO₃⁻): Muito solúvel e facilmente lixiviado / Amônio (NH₄⁺): Baixa mobilidade – Retido pelas cargas negativas do solo mas pode ser nitrificado,Alta mobilidade,Redistribuído para tecidos jovens; deficiências aparecem primeiro nas folhas mais velhas.,Aplicar ureia ou sulfato de amônia,Matéria orgânica decomposta,Alta interação com enxofre e potássio,25 - 35,25 - 40,Análise foliar e do solo,6.0 - 7.5,Solos bem drenados e ricos em matéria orgânica (como solos argilosos e solo de cultura).,Sim,Sim,Sim
nitrogenio,Nitrogênio (N),Redução da produção de frutos e flores,Toda planta,Macro,Formação de clorofila Crescimento vegetativo Produção de proteínas Desenvolvimento de flores e frutos,Nitrato - Alta mobilidade / Amônio - Baixa mobilidade,Nitrato (NO₃⁻): Muito solúvel e facilmente lixiviado / Amônio (NH₄⁺): Baixa mobilidade – Retido pelas cargas negativas do solo mas pode ser nitrificado,Alta mobilidade,Redistribuído para tecidos jovens; deficiências aparecem primeiro nas folhas mais velhas.,Aplicar ureia ou sulfato de amônia,Matéria orgânica decomposta,Alta interação com enxofre e potássio,25 - 35,25 - 40,Análise foliar e do solo,6.0 - 7.5,Solos bem drenados e ricos em matéria orgânica (como solos argilosos e solo de cultura).,Sim,Sim,Sim
nitrogenio,Nitrogênio (N),Tonalidade pálida,Toda planta,Macro,Formação de clorofila Crescimento vegetativo Produção de proteínas Desenvolvimento de flores e frutos,Nitrato - Alta mobilidade / Amônio - Baixa mobilidade,Nitrato (NO₃⁻): Muito solúvel e facilmente lixiviado / Amônio (NH₄⁺): Baixa mobilidade – Retido pelas cargas negativas do solo mas pode ser nitrificado,Alta mobilidade,Redistribuído para tecidos jovens; deficiências aparecem primeiro nas folhas mais velhas.,Aplicar ureia ou sulfato de amônia,Matéria orgânica decomposta,Alta interação com enxofre e potássio,25 - 35,25 - 40,Análise foliar e do solo,6.0 - 7.5,Solos bem drenados e ricos em matéria orgânica (como solos argilosos e solo de cultura).,Sim,Sim,Sim
potassio,Potássio (K),Clorose,Folhas Velhas,Macro,Regulação osmótica Síntese de proteínas Atividade enzimática Fortalecimento da parede celular,Moderada mobilidade,Solúvel mas pode ser adsorvido por partículas de argila especialmente em solos com alta CTC ,Alta mobilidade,Facilmente transportado e redistribuído concentrando-se nos tecidos jovens e em processos osmóticos.,Aplicar cloreto de potássio (KCl),Cinzas vegetais,Antagonismo com cálcio e magnésio,20-40,25 - 50,Diagnóstico foliar,6.0 - 7.0,Solos com boa estrutura e capacidade de retenção de nutrientes (como solos argilosos e solos loam).,Sim,Sim,Sim
potassio,Potássio (K),Enfraquecimento da planta,Toda planta,Macro,Regulação osmótica Síntese de proteínas Atividade enzimática Fortalecimento da parede celular,Moderada mobilidade,Solúvel mas pode ser adsorvido por partículas de argila especialmente em solos com alta CTC ,Alta mobilidade,Facilmente transportado e redistribuído concentrando-se nos tecidos jovens e em processos osmóticos.,Aplicar cloreto de potássio (KCl),Cinzas vegetais,Antagonismo com cálcio e magnésio,20-40,25 - 50,Diagnóstico foliar,6.0 - 7.0,Solos com boa estrutura e capacidade de retenção de nutrientes (como solos argilosos e solos loam).,Sim,Sim,Sim
potassio,Potássio (K),Necrose nas extremidades das folhas,Toda planta,Macro,Regulação osmótica Síntese de proteínas Atividade enzimática Fortalecimento da parede celular,Moderada mobilidade,Solúvel mas pode ser adsorvido por partículas de argila especialmente em solos com alta CTC ,Alta mobilidade,Facilmente transportado e redistribuído concentrando-se nos tecidos jovens e em processos osmóticos.,Aplicar cloreto de potássio (KCl),Cinzas vegetais,Antagonismo com cálcio e magnésio,20-40,25 - 50,Diagnóstico foliar,6.0 - 7.0,Solos com boa estrutura e capacidade de retenção de nutrientes (como solos argilosos e solos loam).,Sim,Sim,Sim
potassio,Potássio (K),Queda prematura de folhas,Toda planta,Macro,Regulação osmótica Síntese de proteínas Atividade enzimática Fortalecimento da parede celular,Moderada mobilidade,Solúvel mas pode ser adsorvido por partículas de argila especialmente em solos com alta CTC ,Alta mobilidade,Facilmente transportado e redistribuído concentrando-se nos tecidos jovens e em processos osmóticos.,Aplicar cloreto de potássio (KCl),Cinzas vegetais,Antagonismo com cálcio e magnésio,20-40,25 - 50,Diagnóstico foliar,6.0 - 7.0,Solos com boa estrutura e capacidade de retenção de nutrientes (como solos argilosos e solos loam).,Sim,Sim,Sim
zinco,Zinco (Zn),Clorose,Toda planta,Micro,Crescimento e divisão celular Síntese de proteínas Regulação do metabolismo Formação de hormônios,Baixa mobilidade,Adsorvido em partículas de argila e matéria orgânica especialmente em solos com pH elevado,Baixa mobilidade,Não é facilmente redistribuído; sintomas de deficiência surgem nas folhas jovens.,Aplicar sulfato de zinco,Solos com alto teor de minerais,Antagonismo com fósforo,20-50,15 - 50,Análise do solo,5.5 - 6.5,Solos ácidos a ligeiramente ácidos (como solos orgânicos solos argilosos e solos ácidos).,Sim,Não,Sim
zinco,Zinco (Zn),"Deformações Folhas, flores ou frutos",Toda planta,Micro,Crescimento e divisão celular Síntese de proteínas Regulação do metabolismo Formação de hormônios,Baixa mobilidade,Adsorvido em partículas de argila e matéria orgânica especialmente em solos com pH elevado,Baixa mobilidade,Não é facilmente redistribuído; sintomas de deficiência surgem nas folhas jovens.,Aplicar sulfato de zinco,Solos com alto teor de minerais,Antagonismo com fósforo,20-50,15 - 50,Análise do solo,5.5 - 6.5,Solos ácidos a ligeiramente ácidos (como solos orgânicos solos argilosos e solos ácidos).,Sim,Não,Sim
zinco,Zinco (Zn),Encurtamento de entrenós,Toda planta,Micro,Crescimento e divisão celular Síntese de proteínas Regulação do metabolismo Formação de hormônios,Baixa mobilidade,Adsorvido em partículas de argila e matéria orgânica especialmente em solos com pH elevado,Baixa mobilidade,Não é facilmente redistribuído; sintomas de deficiência surgem nas folhas jovens.,Aplicar sulfato de zinco,Solos com alto teor de minerais,Antagonismo com fósforo,20-50,15 - 50,Análise do solo,5.5 - 6.5,Solos ácidos a ligeiramente ácidos (como solos orgânicos solos argilosos e solos ácidos).,Sim,Não,Sim
zinco,Zinco (Zn),Folhas menores e mais finas,Toda planta,Micro,Crescimento e divisão celular Síntese de proteínas Regulação do metabolismo Formação de hormônios,Baixa mobilidade,Adsorvido em partículas de argila e matéria orgânica especialmente em solos com pH elevado,Baixa mobilidade,Não é facilmente redistribuído; sintomas de deficiência surgem nas folhas jovens.,Aplicar sulfato de zinco,Solos com alto teor de minerais,Antagonismo com fósforo,20-50,15 - 50,Análise do solo,5.5 - 6.5,Solos ácidos a ligeiramente ácidos (como solos orgânicos solos argilosos e solos ácidos).,Sim,Não,Sim